{
  "firestore": {
    "rules": "firestore.rules"
  },
  "functions": {
    "source": "functions"
  },
  "hosting": {
    "public": "dist",
    "ignore": [
      "firebase.json",
      "**/.*",
      "**/node_modules/**"
    ],
    "rewrites": [
      {
        "source": "/inviteUser",
        "function": "inviteUser"
      }
    ]
  },
  "emulators": {
    "auth": {
      "port": 9099
    },
    "firestore": {
      "port": 8080
    },
    "functions": {
      "port": 5001
    },
    "hosting": {
      "port": 5000
    },
    "ui": {
      "enabled": true
    }
  }
}